{"initial_reset_timestamp": 1591265529.2394307, "timestamps": [1591265539.1323974], "episode_lengths": [500], "episode_rewards": [500.0], "episode_types": ["t"]}